{"cameraMode":{"drawMode":0,"name":"Shaded","section":"Shading Mode"},"sceneLighting":true,"audioPlay":false,"sceneViewState":{"showFog":true,"showMaterialUpdate":false,"showSkybox":true,"showFlares":true,"showImageEffects":true,"showParticleSystems":true},"in2DMode":false,"pivot":{"x":1.7987737655639649,"y":0.9356145858764648,"z":-2.066587209701538},"rotation":{"x":-0.0920831635594368,"y":0.8419015407562256,"z":-0.1521652191877365,"w":-0.5094785094261169},"size":12.461819648742676,"orthographic":false}